TITLE,FRAME_SIZE,PRDCT_SIZE,PRDCT_CL,PRDCT_CL_NM,WRITER,NATION,LOCATION,IMAGE_URL,IMAGE_NM,RDCNT,WRHOUSNG_DT,ACQS_DT
키,44.5x34.5cm,34x23.5cm,7,드로잉,박한진,대한민국,미술관 수장고,/manage/upload_files/collection/2018/12/26/f048a1f5-e948-403d-87be-21245de2d5ca.jpg,119_박한진_키_soma_1810_acv__DSC0430.jpg,3,20071201,20071218
"길 위, 레이니어 산",-,70x50cm,7,드로잉,홍지연,대한민국,미술관 수장고,/manage/upload_files/collection/2018/12/26/0a8f0c2b-2222-45ad-bd3a-d8d9d9a6544d.jpg,210_홍지연_길 위._레이니어산_soma_1810_acv__DSC0098.jpg,102,20151228,20151228
난 괜찮아,-,41x46cm,8,오브제,장형선,대한민국,미술관 수장고,/manage/upload_files/collection/2018/12/26/af1c9a9d-029b-4530-bf80-6f2284ea8224.jpg,207_장형선_난 괜찮아_soma_1810_acv__DSC0095.jpg,44,20151228,20151228
두 남자의 하루,126.9x87.5,120x80,5,사진,인효진,대한민국,미술관 수장고,/manage/upload_files/collection/2018/12/26/3d78ab18-c003-4860-87b5-cc33728fc93d.jpg,038_인효진_두 남자의 하루_soma_1810_acv__DSC0074.jpg,5,20051201,20051230
저 남자가 가는 길,126.9x87.4cm,120x80cm,5,사진,인효진,대한민국,사업기획팀,/manage/upload_files/collection/2018/12/26/bc722b93-c58a-4aca-b882-3b448506d946.jpg,039_인효진_저 남자가 가는 길_soma_1810_acv__DSC0141.jpg,1,20051201,20051230
문.닫다-에이런의 서재,31x46cm,25.7x40.7cm,8,오브제,봉하진,대한민국,미술관 수장고,/manage/upload_files/collection/2018/12/26/dd2a6e9e-fe47-4c6a-b2b3-8620e170030a.jpg,105_봉하진_문. 닫다_에이런의 서재-1_soma_1810_acv__DSC0548.jpg,10,20070301,20070402
개폐,96.5x75cm,83x61cm,7,드로잉,김홍석,대한민국,미술관 수장고,/manage/upload_files/collection/2018/12/26/2f1f4f98-e567-4dbd-860b-13d952165a96.jpg,081_김홍석_개폐_soma_1810_acv__DSC0302.jpg,8,20061201,20061228
공간,42x58cm,31x47cm,7,드로잉,한묵,대한민국,미술관 수장고,/manage/upload_files/collection/2018/12/26/e18a673a-5ce0-4223-959c-7d24acf9042f.jpg,154_한묵_공간_soma_1810_acv__DSC0304.jpg,24,20081230,20090130
공원,78.6x62cm,62x45.5cm,7,드로잉,문중기,대한민국,미술관 수장고,/manage/upload_files/collection/2018/12/26/69b9c35b-e359-4a70-a200-a8ae7e076838.jpg,103_문중기_공원_soma_1810_acv__DSC0216 1.jpg,15,20070301,20070402
누드,43.5x54.3cm,19.3x29.8cm,7,드로잉,안재후,대한민국,미술관 수장고,/manage/upload_files/collection/2018/12/26/1e1c54f0-f5af-4cbc-8923-a06256dad250.jpg,068_안재후_누드_soma_1810_acv__DSC0056.jpg,7,20051201,20051230
누드,71.5x86.5cm,56.5x71.5cm,7,드로잉,김봉태,대한민국,미술관 수장고,/manage/upload_files/collection/2018/12/26/f8009d03-2ebe-428a-9449-36eb5d6556fc.jpg,142_김봉태_누드_soma_1810_acv__DSC0312.jpg,14,20081230,20090129
무제,-,79 x 55 cm x 6점,7,드로잉,정 현,대한민국,미술관 수장고,/manage/upload_files/collection/2018/12/26/85657526-60b6-4cd4-8a64-4cd878c8d98a.jpg,193_정현_무제_1_soma_1810_acv__DSC0435.jpg,31,20131219,20131219
무제,-,54*43cm,7,드로잉,귤라 코시체(장민수 님 기증),아르헨티나,수장고,/manage/upload_files/collection/2020/02/06/073a5a9c-f7d7-462e-bf7d-5bca481f37e6.jpg,20200206_102738.jpg,66,20200101,20200107
무제,-,63.1*79cm,7,드로잉,스스무 싱구(박덕선 님 기증),일본,수장고,/manage/upload_files/collection/2020/02/06/b0490e88-1643-43c9-a1e9-4bac01f6a22a.jpg,20200206_102610.jpg,49,20200101,20200107
무제,-,95*70cm,7,드로잉,나이젤 홀(박덕선 님 기증),영국,수장고,/manage/upload_files/collection/2020/02/06/b59eb49b-3dd9-45ea-aa76-dadb638f4ff3.jpg,20200206_110100.jpg,29,20200101,20200107
무제,-,65.4*50.6cm,4,판화,헤수스 라파엘 소토(박덕선 님 기증),베네수엘라,수장고,/manage/upload_files/collection/2020/02/06/566f5286-d754-4f39-8c8b-37cea3b2684e.jpg,20200206_105901.jpg,23,20200101,20200107
무제,-,60*90cm,7,드로잉,크라즈 버그(박덕선 님 기증),브라질,수장고,/manage/upload_files/collection/2020/02/06/6feed01d-a441-4fc0-97f5-d9b4c5302d89.jpg,20200206_105819.jpg,37,20200101,20200107
무제,-,60*90cm,7,드로잉,크라즈 버그(박덕선 님 기증),브라질,수장고,/manage/upload_files/collection/2020/02/06/7519afd7-f1f8-4c67-aef5-9f9887814726.jpg,20200206_105729.jpg,30,20200101,20200107
무제,74x66cm,52x44cm,2,서양화,박상자,대한민국,미술관 수장고,/manage/upload_files/collection/2018/12/26/e635b5be-4a9f-4ff1-90b2-e1fe962dcdfb.jpg,027_박상자_무제_soma_1810_acv__DSC0273.jpg,4,20000501,20000529
무제,79x55cmx6,79x55cmx6점,7,드로잉,정현,한국,미술관 2관,/manage/upload_files/collection/2021/07/12/4402b8e9-b9e0-49bc-b9a0-3b644f55c69b.jpg,"정현_무제_종이 위에 콘테, 콜타르_79x55cm_1999-2011_6점.jpg",2,20131219,20131219
무제,33x22cm,30x19cm,7,드로잉,고지영,대한민국,미술관 수장고,/manage/upload_files/collection/2018/12/26/c3394070-ba8b-421d-827f-e777bdeee6d8.jpg,112_고지영_무제_soma_1810_acv__DSC0300.jpg,9,20070301,20070402
무제,-,36x26cm 4점,7,드로잉,유혜숙,대한민국,미술관 수장고,/manage/upload_files/collection/2018/12/26/c5157cb3-978f-4700-812f-4809c39540a9.jpg,204_유혜숙_무제_1_soma_1810_acv__DSC0422.jpg,51,20151228,20151228
무제,65x58cm,45x38cm,2,서양화,신재홍,대한민국,사업기획팀,/manage/upload_files/collection/2018/12/26/48dd5938-1d8f-45e4-9902-4c983b3d7bd6.jpg,169_신재홍_무제_soma_1810_acv__DSC0128.jpg,12,19940205,20100204
상장,-,29.7x21cm,7,드로잉,허윤희,대한민국,미술관 수장고,/manage/upload_files/collection/2018/12/26/50770cc7-0092-4af2-a9de-a64043c1b569.jpg,208_허윤희_상장_soma_1810_acv__DSC0250.jpg,138,20151228,20151228
약동,245x242cm,214x214cm,2,서양화,황부용,대한민국,미술관 수장고,/manage/upload_files/collection/2018/12/26/d9624226-8736-48b2-b209-705a354f6a78.jpg,162_황부용_약동_soma_1810_acv__DSC0485.jpg,5,19860101,20100204
여름,46.3x52.2cm,22.3x27cm,7,드로잉,안재후,대한민국,미술관 수장고,/manage/upload_files/collection/2018/12/26/5d08c873-379e-4b5e-919d-65e9f358ad67.jpg,069_안재후_여름_soma_1810_acv__DSC0055soma_1810_acv__DSC0057.jpg,9,20051201,20051230
여인,48.5x54.5cm,24x30cm,7,드로잉,김경,대한민국,미술관 수장고,/manage/upload_files/collection/2018/12/26/113038a0-80d1-4c6a-9eb1-1d4a515f19be.jpg,157_김경_여인_앞_soma_1810_acv__DSC0295.jpg,20,20081230,20090130
연구,62.5x62.5cm,49x59.5cm,7,드로잉,한순자,대한민국,미술관 수장고,/manage/upload_files/collection/2018/12/26/6633f467-989c-4d40-a73e-5e47ff9dfa7e.jpg,178_한순자_연구_soma_1810_acv__DSC0372.jpg,20,20100707,20100709
연구,62.5x62.5cm,62.5x62.5cm,7,드로잉,한순자,대한민국,미술관 수장고,/manage/upload_files/collection/2018/12/26/103ede69-ad06-4ef3-a94c-cf7558e1b9c0.jpg,179_한순자_연구_soma_1810_acv__DSC0375.jpg,23,20100707,20100709
연구,62.5x62.5cm,62.5x62.5cm,7,드로잉,한순자,대한민국,미술관 수장고,/manage/upload_files/collection/2018/12/26/df0ab27b-9f39-4b9c-8db1-ce583bdf7d8d.jpg,177_한순자_연구_soma_1810_acv__DSC0377.jpg,15,20100707,20100709
연기,112x91.5cm,97.5x77cm,7,드로잉,이승택,대한민국,미술관 수장고,/manage/upload_files/collection/2018/12/26/2371b4de-3cea-49fc-81c8-023110e262a6.jpg,148_이승택_연기_soma_1810_acv__DSC0396.jpg,23,20081230,20090129
장터,206x146cm,191x130cm,1,한국화,서정철,대한민국,미술관 수장고,/manage/upload_files/collection/2018/12/26/0951438b-8091-4c70-b708-cacee5ebe764.jpg,001_서정철_장터_soma_1810_acv__DSC0066.jpg,37,19850701,19890420
정물,49x41cm,14x21cm,7,드로잉,주경,대한민국,미술관 수장고,/manage/upload_files/collection/2018/12/26/2cc1d919-89ff-488b-afda-0094c6df6367.jpg,155_주경_정물_soma_1810_acv__DSC0292.jpg,21,20081230,20090130
질문,90x70cm,90x70cm,2,서양화,곽기수,대한민국,미술관 수장고,/manage/upload_files/collection/2018/12/26/77b0af9d-622b-43f6-be57-e73291a4a945.jpg,028_곽기수_질문_soma_1810_acv__DSC0162.jpg,3,20011101,20011108
무제,,높이 44cm,8,오브제,모한 아마라,알제리,1수장고,/manage/upload_files/collection/2021/01/13/4532f5ae-6fd9-48d9-afd1-e1dd82601b5e.jpg,라무제(모한 아마).jpg,55,20201214,20201228
노한 손,73.5x58.8cm,68x53cm,4,판화,백남준,대한민국,미술관 1관,/manage/upload_files/collection/2018/12/26/3a2ca8f1-c5f6-437f-a47d-66f71c88e413.jpg,019_백남준_노한 손_soma_1810_acv__DSC0017.jpg,5,20000201,20000303
숨고 싶다,27.9x48.9cm,20.5x41cm,7,드로잉,임춘희,대한민국,미술관 수장고,/manage/upload_files/collection/2018/12/26/035d3079-913d-47eb-a4bc-06207c390416.jpg,138_임춘희_숨고 싶다_soma_1810_acv__DSC0209 1.jpg,35,20080401,20080423
검은 인물,,26.2*38cm,7,드로잉,이만익,한국,수장고,/manage/upload_files/collection/2021/01/13/b963edc1-907b-4bf1-a2ba-cb84ed555084.jpg,검은 인물(이만익)1.jpg,24,20201214,20201228
아기 엄마,,26.2*38cm,7,드로잉,이만익,한국,수장고,/manage/upload_files/collection/2021/01/13/30213ba1-b81a-430f-8714-81c07f43cade.jpg,아기 엄마(이만익).jpg,33,20201214,20201228
일곱 개의  바람,-,가변크기,8,오브제,형진식,대한민국,미술관 수장고,/manage/upload_files/collection/2018/12/26/6919aaf2-ec19-453c-93f7-0870dd67a387.jpg,198_형진식_일곱 개의 바람_SoMA_RETRO_IMG_2249.jpg,22,20141224,20141224
너의 약한 의지,48.7x67.8cm,40x59cm,7,드로잉,임춘희,대한민국,미술관 수장고,/manage/upload_files/collection/2018/12/26/b9a29c76-7231-4a06-911a-5dc19724ab2f.jpg,139_임춘희_너의 약한 의지_soma_1810_acv__DSC0204 1.jpg,55,20080401,20080423
언덕 위로 가는 길,126.9x87.4cm,120x80cm,5,사진,인효진,대한민국,사업기획팀,/manage/upload_files/collection/2018/12/26/d820211a-0f07-4a9c-8563-6b141fbad6a0.jpg,040_인효진_언덕 위로 가는 길_soma_1810_acv__DSC0143.jpg,2,20051201,20051230
선에 대한 기하학 해석,62x48cm,51.5x37cm,7,드로잉,박한진,대한민국,미술관 수장고,/manage/upload_files/collection/2018/12/26/0d805181-b942-424a-b307-a76cdc1a0e24.jpg,121_박한진_선에 대한 기하학 해석_soma_1810_acv__DSC0408.jpg,2,20071201,20071218
목판 드로잉,37.9x45.6cm,8.8x26.7cm,7,드로잉,유근택,대한민국,미술관 수장고,/manage/upload_files/collection/2018/12/26/0b2e18b1-5095-477b-ad82-e01641042cbd.jpg,087_유근택_목판 드로잉_soma_1810_acv__DSC0072.jpg,10,20061201,20061228
선의 그림자,181x7x49.5cm,178x45.5cm,7,드로잉,지니서,대한민국,미술관 수장고,/manage/upload_files/collection/2018/12/26/14ee8370-8b24-4592-b440-f9de72093344.jpg,084_지니서_선의 그림자_soma_1810_acv__DSC0072.jpg,6,20061201,20061228
한자 바리에이션,58.8x73.5cm,53x68cm,4,판화,백남준,대한민국,미술관 1관,/manage/upload_files/collection/2018/12/26/f862fa3a-3584-47f4-9744-2aa61fa3e590.jpg,025_백남준_한자 바리에이션_soma_1810_acv__DSC0024.jpg,9,20000201,20000303
누드(나부),57.8x63.2cm,54.5x60cm,7,드로잉,김태,대한민국,미술관 수장고,/manage/upload_files/collection/2018/12/26/25c01f67-fe77-4027-a6fe-5dc64c865562.jpg,065_김태_누드(나부)_soma_1810_acv__DSC0206 1.jpg,11,20051201,20051230
남과여,61x244cm(2P),61x244cm(2P),10,공예,배만실,대한민국,미술관 수장고,/manage/upload_files/collection/2018/12/26/de5344d0-0e86-4b5b-ab59-a734ef972406.jpg,012-1_배만실_남과여_soma_1810_acv__DSC0474.jpg,16,19890420,19890420
도봉산,39x48.9cm,24x34cm,7,드로잉,박고석,대한민국,미술관 수장고,/manage/upload_files/collection/2018/12/28/660ec8e5-fc6f-4fe9-a1bf-675248bbafce.jpg,147_박고석_도봉산_soma_1810_acv__DSC0173.jpg,6,20081230,20090129
드로잉,53.1X31.8cm,53.1X31.8cm,7,드로잉,박석원,대한민국,미술관 1관,/manage/upload_files/collection/2018/12/26/ba9a1e87-84a8-4706-a4c7-ad1ba402d0f8.jpg,190_박석원_드로잉 Drawing_soma_1810_acv__DSC0006.jpg,32,20121226,20121226
드로잉,125x94.5,119.5x79.5,7,드로잉,이승택,대한민국,미술관 수장고,/manage/upload_files/collection/2018/12/26/617dbc68-ae8c-4f22-bef1-d4a12cc296d5.jpg,149_이승택_드로잉_soma_1810_acv__DSC0402.jpg,23,20081230,20090129
세사람,49x38.2cm,38x27cm,7,드로잉,박한진,대한민국,미술관 수장고,/manage/upload_files/collection/2018/12/26/075331f4-c003-408b-b7e7-99d86c1fa3d9.jpg,118_박한진_세사람_soma_1810_acv__DSC0409.jpg,4,20071201,20071218
손부처,73.5x58.8cm,68x53cm,4,판화,백남준,대한민국,미술관 1관,/manage/upload_files/collection/2018/12/26/b9304b3b-0cb9-4dab-afcc-7ddd4eae379b.jpg,022_백남준_손부처_soma_1810_acv__DSC0019.jpg,9,20000201,20000303
신기루,80x109cm,61x91cm,7,드로잉,주재환,대한민국,미술관 수장고,/manage/upload_files/collection/2018/12/26/fb8e616a-8f3c-4099-b7a0-30a88684915b.jpg,089_주재환_신기루_soma_1810_acv__DSC0338.jpg,2,20061201,20061228
싸우다,80.6x56.1cm,77.5x53cm,7,드로잉,문성식,대한민국,미술관 수장고,/manage/upload_files/collection/2018/12/26/97031773-0a2d-4962-ac59-73a9b55b97fb.jpg,086_문성식_싸우다_soma_1810_acv__DSC0093.jpg,18,20061201,20061228
여행사,10x11x12cm(입체),10x11x12cm(입체),8,오브제,이솝,대한민국,미술관 수장고,/manage/upload_files/collection/2018/12/26/fb76e841-d693-4bd9-b530-5388d097001f.jpg,113_이솝_여행사_soma_1810_acv__DSC0589.jpg,24,20070301,20070402
용송도,396x203cm,396x203cm,1,한국화,이창문(동곡),대한민국,미술관 수장고,/manage/upload_files/collection/2018/12/26/ffcb9a77-6d41-4458-bc22-20f8aa3da4a6.jpg,007_이창문(동곡)_용송도_soma_1810_acv__DSC0493.jpg,4,19860528,19890420
작업실,가변크기,가변크기,8,오브제,이기칠,대한민국,미술관 수장고,/manage/upload_files/collection/2018/12/26/e0f30467-2d49-4f40-841f-22a00910020c.jpg,102_이기칠_작업실_soma_1810_acv__DSC0102.jpg,8,20061201,20061228
향나무,-,38x52.4cm,7,드로잉,임춘희,대한민국,미술관 수장고,/manage/upload_files/collection/2018/12/26/8ddbae42-57ff-4a36-b192-40be7c173f95.jpg,212_임춘희_향나무_soma_1810_acv__DSC0271.jpg,190,20151228,20151228
혀싸움,96.8x72.6cm,77x53cm,7,드로잉,김주호,대한민국,미술관 수장고,/manage/upload_files/collection/2018/12/26/019a6847-8acb-4859-80a6-ade26a6f8112.jpg,124_김주호_혀싸움_soma_1810_acv__DSC0224.jpg,13,20071201,20071218
관계항 - 코너,,가변크기,8,오브제,이우환(기증),한국,소마미술관 1관 중정,/manage/upload_files/collection/2020/04/13/ea96ab0e-4163-46f1-84b4-bb70805c1095.jpg,이우환(관계항-코너).jpg,117,20200109,20201228
가능한 풍경,-,60x38cm,8,오브제,윤지은,대한민국,미술관 수장고,/manage/upload_files/collection/2018/12/26/455917c4-f55e-4d9c-9e2c-1a6eb16c2573.jpg,202_윤지은_가능한 풍경_soma_1810_acv__DSC0608.jpg,58,20151228,20151228
결속과 자유,98.1x73cm,80x54.5cm,7,드로잉,이솝,대한민국,미술관 수장고,/manage/upload_files/collection/2018/12/26/842fc285-374c-4a39-b401-7cdf1975e790.jpg,114_이솝_결속과 자유_soma_1810_acv__DSC0183.jpg,6,20070301,20070402
농기구 해석,49x38.2cm,25.5x35cm,7,드로잉,박한진,대한민국,미술관 수장고,/manage/upload_files/collection/2018/12/26/235c2bb0-b2d5-4f3d-8777-35f4664daefa.jpg,122_박한진_농기구 해석_soma_1810_acv__DSC0413.jpg,12,20071201,20071218
달하고 놀기,-,160 x 130 cm,2,서양화,곽남신,대한민국,본부장실(비즈홀),/manage/upload_files/collection/2018/12/26/7fcec0d5-3bf4-4ebb-b544-e8164cb01ac9.jpg,194_곽남신_달하고 놀기_soma_1810_acv__DSC0123.jpg,39,20131219,20131219
송도의 소녀,44.3x51cm,18.5x25.5cm,7,드로잉,안재후,대한민국,미술관 수장고,/manage/upload_files/collection/2018/12/26/921a0aec-d6a1-4735-83ec-4b634b78b904.jpg,067_안재후_송도의 소녀_soma_1810_acv__DSC0068.jpg,9,20051201,20051230
허씨댁 득남,56.1x80.6cm,53x77.5cm,7,드로잉,문성식,대한민국,미술관 수장고,/manage/upload_files/collection/2018/12/26/e9e91cac-6d8a-4733-aecb-879023a0c25c.jpg,085_문성식_허씨댁 득남_soma_1810_acv__DSC0091.jpg,30,20061201,20061228
바람이 분다,,130x193cm,7,드로잉,전윤정,대한민국,수장고,/manage/upload_files/collection/2021/01/13/8e13f650-f6e8-48d8-a96b-a1f4f894a301.jpg,바람이 분다 (전윤정)1.jpg,69,20201216,20201228
기와를 입은 대지,65x117cm,65x117cm,7,드로잉,이승택,대한민국,미술관 수장고,/manage/upload_files/collection/2018/12/26/86e7af66-3b01-4734-b950-ea97f19d2b63.jpg,187_이승택_기와를 입은 대지_soma_1810_acv__DSC0004.jpg,30,20111130,20111130
삼양동 검은 모래 해변,-,가변크기,8,오브제,양혜령,대한민국,미술관 수장고,/manage/upload_files/collection/2018/12/26/42084392-7a63-4307-9cdd-566efa15ccd8.jpg,201_양혜령_삼양동 검은모래 해변.jpg,35,20151228,20151228
평면적 인식-바라보는 방법,-,41x67cm,8,오브제,임선이,대한민국,미술관 수장고,/manage/upload_files/collection/2018/12/26/5b272b32-eadc-45fe-a530-511705da6679.jpg,205_임선이_평면적 인식_바라보는 방법_soma_1810_acv__DSC0100.jpg,45,20151228,20151228
솔깃한 이야기,72.6x96.8cm,53x77cm,7,드로잉,김주호,대한민국,미술관 수장고,/manage/upload_files/collection/2018/12/26/20396ac6-ea48-4138-a8ea-85c52ce234e8.jpg,123_김주호_솔깃한 이야기_soma_1810_acv__DSC0221 1.jpg,16,20071201,20071218
욕망의 배설물,30x13cm (6P),30x13cm (6P),7,드로잉,이부록,대한민국,미술관 1관,/manage/upload_files/collection/2018/12/26/bec990b6-1937-4843-9728-e0066c4ed17c.jpg,088_이부록_욕망의 배설물_1_soma_1810_acv__DSC0041.jpg,10,20061201,20061228
거기서 거긴데 너무 달라,-,23.7x34.6cm,7,드로잉,임춘희,대한민국,미술관 수장고,/manage/upload_files/collection/2018/12/26/a5ef2280-510b-4a8b-9ead-de0e3d706f62.jpg,213_임춘희_거기서 거긴데 너무 달라_soma_1810_acv__DSC0269.jpg,215,20151228,20151228
호랑이(동),217x214cm,168x170cm,1,한국화,서정묵,대한민국,미술관 수장고,/manage/upload_files/collection/2018/12/26/a176a1a9-9786-4cd2-80ad-f079d89ec2c4.jpg,006_서정묵_호랑이(동)_soma_1810_acv__DSC0506.jpg,11,19860528,19890420
호랑이(추),217x214cm,168x170cm,1,한국화,서정묵,대한민국,미술관 수장고,/manage/upload_files/collection/2018/12/26/83eef478-29b8-4459-89bb-35663d32bffb.jpg,005_서정묵_호랑이(추)_soma_1810_acv__DSC0515.jpg,9,19860528,19890420
호랑이(춘),217x214cm,168x170cm,1,한국화,서정묵,대한민국,미술관 수장고,/manage/upload_files/collection/2018/12/26/78d7decd-f7e5-4fb0-8f12-2418b49d1d5b.jpg,003_서정묵_호랑이(춘)_soma_1810_acv__DSC0512.jpg,15,19860528,19890420
호랑이(하),217x214cm,168x170cm,1,한국화,서정묵,대한민국,미술관 수장고,/manage/upload_files/collection/2018/12/26/521c9459-fcd8-4056-a576-ac21f8fe212b.jpg,004_서정묵_호랑이(하)_soma_1810_acv__DSC0510.jpg,15,19860528,19890420
호랑이(백호),173x173cm,142x142cm,1,한국화,김암환(남경),대한민국,미술관 수장고,/manage/upload_files/collection/2018/12/26/98ee3ecc-5956-497d-82f9-34f5c6a68b51.jpg,009_김암환(남경)_호랑이(백호)_soma_1810_acv__DSC0140.jpg,8,19861020,19890420
호랑이(좌상대호),186x110.5cm,74.5x150cm,1,한국화,서정묵,대한민국,미술관 수장고,/manage/upload_files/collection/2018/12/26/60ee6f20-ab0b-4293-8064-c6de19208022.jpg,010_서정묵_호랑이(좌상대호)_soma_1810_acv__DSC0142.jpg,10,19851231,19890420
거국진일,142.5x48cm,174x63cm,3,서예,김달식,대한민국,미술관 수장고,/manage/upload_files/collection/2018/12/26/cd4e5922-b577-4845-8b73-15ea9c10c7d7.jpg,167_김달식_거국진일_soma_1810_acv__DSC0356.jpg,2,,20100204
고향의봄,75.6x68cm,53x45cm,2,서양화,신은봉,대한민국,미술관 수장고,/manage/upload_files/collection/2018/12/26/b2ae12ca-dbbd-412f-8581-c57f3bebc3e0.jpg,168_신은봉_고향의 봄_soma_1810_acv__DSC0369.jpg,7,19940205,20100204
공간탐색,60.3x74.5cm,50x65cm,7,드로잉,신성희,대한민국,미술관 수장고,/manage/upload_files/collection/2018/12/26/e6d30ba7-ba6c-47df-90d8-b05bbd582836.jpg,180_신성희_공간탐색_soma_1810_acv__DSC0383.jpg,14,20100707,20100709
공간탐색,60.3x74.5cm,50x65cm,7,드로잉,신성희,대한민국,미술관 수장고,/manage/upload_files/collection/2018/12/26/742e4b1b-d6cb-4a77-8899-7f905ef8f88a.jpg,181_신성희_공간탐색_soma_1810_acv__DSC0381.jpg,15,20100707,20100709
부적상승,29x37cm,26.5x18.5cm,7,드로잉,박한진,대한민국,미술관 수장고,/manage/upload_files/collection/2018/12/26/b9223806-1267-4c9b-8feb-a40129e11be0.jpg,120_박한진_부적상승_soma_1810_acv__DSC0424.jpg,3,20071201,20071218
성화불멸,161x131.5cm,161x131.5cm,2,서양화,이준,대한민국,미술관 수장고,/manage/upload_files/collection/2018/12/26/dbf2d989-7b35-4540-b478-060b13074c1b.jpg,163_이준_성화불멸_soma_1810_acv__DSC0379.jpg,8,19860101,20100204
시장에서,57.5x68.7cm,39x50cm,7,드로잉,김태,대한민국,미술관 수장고,/manage/upload_files/collection/2018/12/26/f7858504-75dc-4afd-8893-2cb6c05e38c2.jpg,066_김태_시장에서_soma_1810_acv__DSC0213 1.jpg,10,20051201,20051230
시장풍경,41.6x37.2cm,24x18cm,7,드로잉,박수근,대한민국,미술관 수장고,/manage/upload_files/collection/2018/12/26/ac800a7a-2d0e-479d-9d0f-22aa1596183c.jpg,156_박수근_시장풍경_soma_1810_acv__DSC0078.jpg,24,20081230,20090130
인물좌상,,26.2*38cm,7,드로잉,이만익,한국,수장고,/manage/upload_files/collection/2021/01/13/99a254f7-15b0-4959-b2b6-e1831efcdd53.jpg,인물좌상(이만익).jpg,30,20201214,20201228
저주서간,91.5x158cm,70x135cm,3,서예,오치정(혜천),대한민국,미술관 수장고,/manage/upload_files/collection/2018/12/26/4bb72ea6-bce2-4cdc-922c-0992e088e12f.jpg,030_오치정(혜천)_저주서간_soma_1810_acv__DSC0358.jpg,6,20031218,20031218
통신연구,73.5x58.8cm,68x53cm,4,판화,백남준,대한민국,미술관 1관,/manage/upload_files/collection/2018/12/26/a9e269f2-639a-4a30-ba1b-9b221da47419.jpg,024_백남준_통신연구_soma_1810_acv__DSC0010.jpg,18,20000201,20000303
거리풍경,,38*26.2cm,7,드로잉,이만익,한국,수장고,/manage/upload_files/collection/2021/01/13/5b788adc-ad1e-4e24-bd81-cb95c2e5078f.jpg,거리풍경(이만익)1.jpg,21,20201214,20201228
남승용의 골인,73.5x58.8cm,68x53cm,4,판화,백남준,대한민국,미술관 1관,/manage/upload_files/collection/2018/12/26/02ed9fd6-151f-4387-836f-adeae300b5c3.jpg,026_백남준_남승용의 골인_soma_1810_acv__DSC0023.jpg,14,20000201,20000303
손기정의 골인,73.5x58.8cm,68x53cm,4,판화,백남준,대한민국,미술관 1관,/manage/upload_files/collection/2018/12/26/2fa32e79-0807-47c5-a084-883e77678b5b.jpg,021_백남준_손기정의 골인_soma_1810_acv__DSC0022.jpg,16,20000201,20000303
자라나는 생각,44x34cm,40x30cm,7,드로잉,임춘희,대한민국,미술관 수장고,/manage/upload_files/collection/2018/12/26/6c9a5060-1c60-48ca-9380-c219e0d55fa2.jpg,137_임춘희_자라나는 생각_soma_1810_acv__DSC0211 1.jpg,57,20080401,20080423
스카프를 두른 여인,126.9x87.4cm,120x80cm,5,사진,인효진,대한민국,미술관 수장고,/manage/upload_files/collection/2018/12/26/d516b715-2ab3-4d21-a2fe-4e33cb6c84ea.jpg,037_인효진_스카프를 두른 여인_soma_1810_acv__DSC0368.jpg,2,20051201,20051230
안테나가 있는 손기정,73.5x58.8cm,68x53cm,4,판화,백남준,대한민국,미술관 1관,/manage/upload_files/collection/2018/12/26/12f369cc-686b-46d1-8883-8a3be3f44105.jpg,020_백남준_안테나가 있는 손기정_soma_1810_acv__DSC0020.jpg,15,20000201,20000303
나선상의 남승용,73.5x58.8cm,68x53cm,4,판화,백남준,대한민국,미술관 1관,/manage/upload_files/collection/2018/12/26/38848a1c-53f6-46e9-8f08-3490025c88cd.jpg,015_백남준_나선상의 남승용_soma_1810_acv__DSC0016.jpg,13,20000201,20000303
살아남은 드로잉,-,98.5x78cm,8,오브제,윤소림,대한민국,미술관 수장고,/manage/upload_files/collection/2018/12/26/8a5876b4-b891-4bd5-95f4-23203709c3ee.jpg,209_윤소림_살아남은 드로잉_soma_1810_acv__DSC0096.jpg,101,20151228,20151228
마음깊이 내려진 닻,-,13.5x35cm,7,드로잉,전윤정,대한민국,미술관 수장고,/manage/upload_files/collection/2018/12/26/ac7818ed-768b-443a-84e3-476572ec1ba5.jpg,211_전윤정_마음깊이 내려진 닻_soma_1810_acv__DSC0252.jpg,141,20151228,20151228
아무것도 설명하지 않는다. 그것은 그저 보기만 하는 것이다. 무엇을 보는가. 절대적 대상이 아니고 절대적 봄이다.,-,27.7x45x3.5cm27.7x45x1.1cm27.7x45x1cm27.7x45x9cm,8,오브제,김신일,대한민국,미술관 수장고,/manage/upload_files/collection/2018/12/26/a7b18699-471f-48b4-b68d-9d9984e98a03.jpg,192_김신일_아무것도 설명하지 않는다. 그것은 그저 보기만 하는 것이다. 무엇을 보는가. 절대적 대상이 아니고 절대적 봄이다._soma_1810_acv__DSC0081 1.jpg,30,20131206,20131206
가니메데스,-,49&times;34cm,7,드로잉,김차섭,대한민국,미술관 수장고,/manage/upload_files/collection/2018/12/26/509e4fdb-0799-4ff4-8d56-9292706cd2b8.jpg,195_김차섭_가니메데스soma_1810_acv__DSC0447.jpg,39,20141224,20141224
기후적응력,79.2x111cm,75.5x107cm,7,드로잉,소윤경,대한민국,미술관 수장고,/manage/upload_files/collection/2018/12/26/1cd25704-be75-4196-93a9-72f2f60adcbb.jpg,104_소윤경_기후적응력_soma_1810_acv__DSC0217 1.jpg,9,20070301,20070402
맹호기상도,131x184cm,106x161cm,1,한국화,허허우인(무유),대한민국,미술관 수장고,/manage/upload_files/collection/2018/12/26/7e522361-8006-4b2c-9ac1-180c947fcd58.jpg,161_허허우인(무유)_맹호기상도_soma_1810_acv__DSC0277.jpg,5,19860101,20100204
맹호연시구,79.5x163.5cm,24x135cm,3,서예,오치정(혜천),대한민국,미술관 수장고,/manage/upload_files/collection/2018/12/26/0e23737c-98ac-46b5-8d89-2a4a7ef0d637.jpg,029_오치정(혜천)_맹호연시구_soma_1810_acv__DSC0360.jpg,3,20051218,20051218
에너지풍경,160X240cm,160X240cm,7,드로잉,권혁,대한민국,미술관 수장고,/manage/upload_files/collection/2018/12/26/68ffc294-3f8d-46c2-b512-3840e9365cdb.jpg,182_권혁_에너지 풍경_soma_1810_acv__DSC0455.jpg,16,20111125,20111125
이단평행봉,205.5x175cm,166x136cm,2,서양화,루카 크리스티,-,미술관 수장고,/manage/upload_files/collection/2018/12/26/c310abe7-2df1-4b03-b273-4dd29a4c2dfc.jpg,008_루카 크리스티_이단평행봉_soma_1810_acv__DSC0281.jpg,14,19871231,19890420
태극비룡화,215.5x89.5cm,199x72.5cm,1,한국화,박정일,대한민국,미술관 수장고,/manage/upload_files/collection/2018/12/26/0029f31d-7e90-4fa6-a721-2d21cb3af2cd.jpg,002_박정일_태극비룡화_soma_1810_acv__DSC0190.jpg,18,19861120,19890420
조력자들의 밤-안아주는 손들,-,38.5x46cm,7,드로잉,김정향,대한민국,미술관 수장고,/manage/upload_files/collection/2018/12/26/55523f87-2a4b-4524-a632-dd72378dd280.jpg,203_김정향_조력자들의 밤-안아주는 손들_soma_1810_acv__DSC0254.jpg,84,20151228,20151228
국민체육진흥,210.5x84.5cm,190.5x64cm,3,서예,유달영,대한민국,미술관 수장고,/manage/upload_files/collection/2018/12/26/36f0d223-ffa2-4cf1-b6da-e7692c6fe9cc.jpg,166_유달영_국민체육진흥_soma_1810_acv__DSC0347.jpg,2,19901001,20100204
국엽무궁화도,57.6x159.7cm,33.5x119cm,1,한국화,이상범,대한민국,미술관 수장고,/manage/upload_files/collection/2018/12/26/574ccae2-79f4-4ff4-abeb-4c13cd765194.jpg,013_이상범_국엽무궁화도_soma_1810_acv__DSC0247.jpg,5,19861003,19961003
서울올림픽대회개회식,190x310cm,190x310cm,2,서양화,오승우,대한민국,핸드볼경기장,/manage/upload_files/collection/2018/12/26/ec9454be-2dc8-4fa5-94c5-9c8de18c574f.jpg,164_오승우_서울올림픽대회 개회식_soma_1810_acv__DSC0118.jpg,14,19890605,20100204
서울올림픽대회폐회식,190x310cm,190x310cm,2,서양화,이양노,대한민국,핸드볼경기장,/manage/upload_files/collection/2018/12/26/786b23db-6797-48c5-bb4c-2956350400f7.jpg,165_이양노_서울올림픽대회 폐막식_soma_1810_acv__DSC0120.jpg,9,19890605,20100204
"02.01.13, 삼방동 비탈에서 내려다 본 저탄장",97.2x57.9cm,79x39cm,7,드로잉,류장복,대한민국,미술관 수장고,/manage/upload_files/collection/2018/12/26/e375c92a-3646-472d-b488-dee739f014eb.jpg,076_류정복_2002.01.13. 삼방동 비탈에서 내려다 본 전탄장_soma_1810_acv__DSC0157.jpg,6,20060401,20060605
"02.01.19, 11:40~14:15 철암 경석장, 선탄장, 선탄장",88.1x68.2cm,69.5x50cm,7,드로잉,류장복,대한민국,미술관 수장고,/manage/upload_files/collection/2018/12/26/f27d99ae-6ad2-4b95-9b4e-3dbf748c5a31.jpg,077_류정복_2002.01.19_1140-1415 철암 경석장 선탄장 선탄장_soma_1810_acv__DSC0154.jpg,6,20060401,20060605
"02.1.18, 12:39~15:30 겨울 철암, 선탄장",94.1x74.2cm,76x56cm,7,드로잉,류장복,대한민국,미술관 수장고,/manage/upload_files/collection/2018/12/26/3ce71299-6625-4bb8-9236-a485da0cebfa.jpg,078_류정복_2002.1.18_1239-1530 겨울 철암 선탄장__soma_1810_acv__DSC0160.jpg,9,20060401,20060605
"02.12, &#39;03.4.28 삼방동 눈",124.4x96.8cm,105.5x78.5cm,7,드로잉,류장복,대한민국,미술관 수장고,/manage/upload_files/collection/2018/12/26/e6038c47-ec57-4cdd-8dfb-7bfd69b95400.jpg,080_류정복_2002.12 2003.4.28 삼방동 눈_soma_1810_acv__DSC0152.jpg,12,20060401,20060605
올리다 03,160X59cm(가변설치),160X59cm(가변설치),6,조각,이상민,대한민국,미술관 수장고,/manage/upload_files/collection/2018/12/26/6f1127ac-376b-479e-be1d-fffd739f487c.jpg,184_이상민_올리다 03.jpg,23,20111125,20111125
"03.1.14, 16:30~17:25 백화산 똥골",106x78.5cm,106x78.5cm,7,드로잉,류장복,대한민국,미술관 수장고,/manage/upload_files/collection/2018/12/26/966d5c85-f2ce-450f-927b-e74060bdfc4b.jpg,079_류정복_2003.1.14_1630-1725 백화산 똥골_soma_1810_acv__DSC0404.jpg,11,20060401,20060605
버티다 04,94X52cm(가변설치),94X52cm(가변설치),6,조각,이상민,대한민국,미술관 수장고,/manage/upload_files/collection/2018/12/26/0032173e-c2c3-4604-8b84-8ceb706c8add.jpg,183_ 이상민_버티다 04.jpg,13,20111125,20111125
우린 그렇게 노래한다네_1,59.5x82.5cm,56x78cm,7,드로잉,송민규,대한민국,미술관 수장고,/manage/upload_files/collection/2018/12/26/a9f8bbb4-9bb7-42e1-9416-7e8e7ef08c31.jpg,125_송민규_우린 그렇게 노래한다네_1_soma_1810_acv__DSC0330.jpg,11,20071201,20071218
서울 모더니즘_1,72.4x29.5cm,70x27cm,7,드로잉,박용석,대한민국,미술관 수장고,/manage/upload_files/collection/2018/12/26/1ee9eb01-b0f7-4325-bf3e-44139f72b8e6.jpg,091_박용석_서울 모더니즘_1_soma_1810_acv__DSC0320.jpg,9,20061201,20061228
무제_1,112.6x87.9cm,108x83cm,5,사진,성남훈,대한민국,미술관 수장고,/manage/upload_files/collection/2018/12/26/a11e69c7-469a-4e96-a7c2-3a7cbd70c327.jpg,052_성남훈_무제_1_soma_1810_acv__DSC0106.jpg,2,20051201,20051230
무제_1,85x39cm,29x21cm,7,드로잉,이영빈,대한민국,미술관 수장고,/manage/upload_files/collection/2018/12/26/5c6f70ca-81e1-4d1c-bc87-1d2d151ef44e.jpg,129_이영빈_무제_1_soma_1810_acv__DSC0070.jpg,11,20071201,20071218
무제_1,35.3x45cm,29.7x40cm,7,드로잉,정승운,대한민국,미술관 수장고,/manage/upload_files/collection/2018/12/26/abe92403-1c9b-413f-873c-6c05d2e23fed.jpg,082_정승운_무제_1_soma_1810_acv__DSC0148.jpg,9,20061201,20061228
무제_1,68.9x116.9cm,68x111cm,7,드로잉,오원배,대한민국,미술관 수장고,/manage/upload_files/collection/2018/12/26/3896bfa5-360b-4506-a474-f1df6aa9a14c.jpg,072_오원배_무제_1_soma_1810_acv__DSC0164.jpg,11,20051201,20051230
무제_1,51x43cm,42x35cm,7,드로잉,옥경(기증),대한민국,미술관 수장고,/manage/upload_files/collection/2018/12/26/e037b309-12a9-4e2d-8da9-cf3dd91e253d.jpg,170_옥경_옥경-무제_1_soma_1810_acv__DSC0388.jpg,11,20060529,20100204
드로잉1,34.1x40.7cm,24.5x18.4cm,7,드로잉,하인두,대한민국,미술관 수장고,/manage/upload_files/collection/2018/12/26/8e1c8e89-80ae-4d28-9a73-0e12ad37035c.jpg,150_하인두_드로잉1_앞_soma_1810_acv__DSC0126.jpg,21,20081230,20090130
공원을 위한 포즈_1,183x63cm,178x58cm,5,사진,박진영,대한민국,미술관 수장고,/manage/upload_files/collection/2018/12/26/3c27d3da-f4e6-46a9-92d6-3cb0c811c0d4.jpg,041_박진영_공원을 위한 포즈-1_soma_1810_acv__DSC0135 copy.jpg,2,20051201,20051230
순환의 여행_1,62.5x82.5cm,56x76cm,7,드로잉,차기율,대한민국,미술관 수장고,/manage/upload_files/collection/2018/12/26/1cc8b16e-6515-4e0c-b056-c5bf235be1eb.jpg,106_차기율_순환의 여행_1_soma_1810_acv__DSC0306.jpg,31,20070301,20070402
스치던 풍경_1,83.7x85.8cm,72x75cm,5,사진,최중원,대한민국,미술관 수장고,/manage/upload_files/collection/2018/12/26/f0b17a46-2559-4662-8f58-8141645b8aed.jpg,047_최중원_스치던 풍경_1_soma_1810_acv__DSC0185.jpg,5,20051201,20051230
도봉산 만장봉1,48.9x39cm,35x25cm,7,드로잉,박고석,대한민국,미술관 수장고,/manage/upload_files/collection/2018/12/26/f3025813-433b-428b-ad9a-7063215e145c.jpg,143_박고석_도봉산 만장봉1_soma_1810_acv__DSC0179.jpg,7,20081230,20090129
도봉산 선인봉1,48.9x39cm,33x25cm,7,드로잉,박고석,대한민국,미술관 수장고,/manage/upload_files/collection/2018/12/28/4c009157-eb84-469b-af93-d0a8a93ac39e.jpg,145_박고석_도봉산 선인봉1_soma_1810_acv__DSC0175.jpg,5,20081230,20090129
이상한 나라의 동물들_보이지 않았던 동물들_1,가변크기,가변크기,8,오브제,백기은,대한민국,미술관 수장고,/manage/upload_files/collection/2018/12/26/102d4aff-f1db-4dff-b621-ae6e916c498d.jpg,108_백기은_이상한 나라의 동물들_보이지 않았던 동물들_1_soma_1810_acv__DSC0638.jpg,11,20070301,20070402
선긋기_1,37x29.3cm,25.5x17.8cm,7,드로잉,박한진,대한민국,미술관 수장고,/manage/upload_files/collection/2018/12/26/b1c4e4eb-e0ff-41f8-8e09-ffde9c1e55c5.jpg,115_박한진_선긋기_1_soma_1810_acv__DSC0427.jpg,5,20071201,20071218
계몽적인 그림_1,58.2x56.6cm,39.5x38cm,7,드로잉,김지원,대한민국,미술관 수장고,/manage/upload_files/collection/2018/12/26/0c5477e7-d56c-419a-8b53-1f7a70337419.jpg,074_김지원_계몽적인 그림_1_soma_1810_acv__DSC0089.jpg,10,20051201,20051230
몽촌토성_1,102x75.8cm,99x72.7cm,5,사진,이갑철,대한민국,미술관 수장고,/manage/upload_files/collection/2018/12/26/d590007c-b7e6-4628-a8bb-83b9668e9226.jpg,056_이갑철_몽촌토성_1_soma_1810_acv__DSC0314.jpg,6,20051201,20051230
몽촌토성_1,102x82cm,99x79cm,5,사진,김광수,대한민국,미술관 수장고,/manage/upload_files/collection/2018/12/26/1d6bea38-44d2-4e32-855c-45dbe1232661.jpg,033_김광수_몽촌토성_1_soma_1810_acv__DSC0128 1.jpg,6,20051201,20051230
역사속으로_1,92x68cm,82x57cm,5,사진,서남규,대한민국,미술관 수장고,/manage/upload_files/collection/2018/12/26/dbf8ac70-a335-49a6-a51e-b603a5bdcb0b.jpg,045_서남규_역사속으로_1_soma_1810_acv__DSC0340.jpg,2,20051201,20051230
올림픽공원_1,158x125cm,150x117cm,5,사진,임선영,대한민국,미술관 수장고,/manage/upload_files/collection/2018/12/26/3a4dca9c-60cd-441d-bd23-51f03ac7c6ea.jpg,060_임선영_올림픽공원_1_soma_1810_acv__DSC0135.jpg,15,20051201,20051230
"인체드로잉1, 2",-,34&times;52cm x 2점,7,드로잉,전수천,대한민국,미술관 수장고,/manage/upload_files/collection/2021/07/12/e1772f10-7a38-41e1-b078-b0336944be7c.bmp,"전수천_인체드로잉 1,2_종이 위에 먹_34x52cm_1993.bmp",45,20141224,20141224
"악어이야기 1, 2, 3",-,85x60cm x 3점,7,드로잉,안규철,대한민국,미술관 수장고,/manage/upload_files/collection/2018/12/26/44e434d8-e224-4a06-acee-70fa01ceb36e.jpg,196_안규철_악어이야기 1_soma_1810_acv__DSC0259.jpg,58,20141224,20141224
1936년의 서울거리,73.5x58.8cm,68x53cm,4,판화,백남준,대한민국,미술관 1관,/manage/upload_files/collection/2018/12/26/6b57c922-e259-40e5-bf85-8e5b6517baff.jpg,017_백남준_1936년의 서울거리_soma_1810_acv__DSC0013.jpg,11,20000201,20000303
1950년대 여인,,38*26.2cm,7,드로잉,이만익,한국,수장고,/manage/upload_files/collection/2021/01/13/e04cfccf-a904-435d-8936-a243ca9660b1.jpg,1950년대 여인(이만익).jpg,26,20201214,20201228
우린 그렇게 노래한다네_2,59.5x82.5cm,56x78cm,7,드로잉,송민규,대한민국,미술관 수장고,/manage/upload_files/collection/2018/12/26/03109c8f-e846-4c8c-b3f2-a47adbde06e5.jpg,126_송민규_우린 그렇게 노래한다네_2_soma_1810_acv__DSC0334.jpg,6,20071201,20071218
서울 모더니즘_2,72.4x29.5cm,70x27cm,7,드로잉,박용석,대한민국,미술관 수장고,/manage/upload_files/collection/2018/12/26/1326accf-3ee3-4a44-975f-f19f3c0d72ce.jpg,092_박용석_서울 모더니즘_2_soma_1810_acv__DSC0324.jpg,6,20061201,20061228
무제_2,76x50.2cm,62x37.7cm,7,드로잉,정승운,대한민국,미술관 수장고,/manage/upload_files/collection/2018/12/26/dd5af53a-886d-42b7-a719-1794f734b445.jpg,083_정승운_무제_2_soma_1810_acv__DSC0146.jpg,8,20061201,20061228
무제_2,68.9x116.9cm,68x111cm,7,드로잉,오원배,대한민국,미술관 수장고,/manage/upload_files/collection/2018/12/26/fc95a49d-5025-4b29-89a9-65d51a00a195.jpg,073_오원배_무제_2_soma_1810_acv__DSC0166.jpg,10,20051201,20051230
무제_2,51x43cm,42x35cm,7,드로잉,옥경(기증),대한민국,미술관 수장고,/manage/upload_files/collection/2018/12/26/b2f5d90e-0482-4934-a5ac-fd4b24322ada.jpg,171_옥경_옥경-무제_2_soma_1810_acv__DSC0391.jpg,22,20060529,20100204
무제_2,112.6x87.9cm,108x83cm,5,사진,성남훈,대한민국,미술관 수장고,/manage/upload_files/collection/2018/12/26/0ce183c3-340d-4e21-b4ae-886fc20c1850.jpg,053_성남훈_무제_2_soma_1810_acv__DSC0108.jpg,3,20051201,20051230
무제_2,85x39cm,29x21cm,7,드로잉,이영빈,대한민국,미술관 수장고,/manage/upload_files/collection/2018/12/26/278836d0-8f52-4a8e-abd1-11ef7570d613.jpg,130_이영빈_무제_2_soma_1810_acv__DSC0065.jpg,15,20071201,20071218
드로잉2,41.3x48cm,24.5x18.4cm,7,드로잉,하인두,대한민국,미술관 수장고,/manage/upload_files/collection/2018/12/26/e210200c-1273-43fe-8159-7408020afed7.jpg,151_하인두_드로잉2_앞_soma_1810_acv__DSC0120.jpg,8,20081230,20090130
공원을 위한 포즈_2,183x63cm,178x58cm,5,사진,박진영,대한민국,미술관 수장고,/manage/upload_files/collection/2018/12/26/2fb5bff3-fddd-4659-ac84-1f6add933383.jpg,042_박진영_공원을 위한 포즈-2_soma_1810_acv__DSC0449.jpg,6,20051201,20051230
순환의 여행_2,62.5x82.5cm,56x76cm,7,드로잉,차기율,대한민국,미술관 수장고,/manage/upload_files/collection/2018/12/26/5af9703e-be02-4206-bf0c-426c60ebf4b6.jpg,107_차기율_순환의 여행_2_soma_1810_acv__DSC0308.jpg,23,20070301,20070402
스치던 풍경_2,83.7x85.8cm,72x75cm,5,사진,최중원,대한민국,미술관 수장고,/manage/upload_files/collection/2018/12/26/bc717149-a6fc-4ec6-bd31-ea40c6744ebd.jpg,048_최중원_스치던 풍경_2_soma_1810_acv__DSC0187.jpg,8,20051201,20051230
도봉산 만장봉2,48.9x39cm,35x25cm,7,드로잉,박고석,대한민국,미술관 수장고,/manage/upload_files/collection/2018/12/26/71850af5-d8b2-442b-b84c-c3c243e15170.jpg,144_박고석_도봉산 만장봉2_soma_1810_acv__DSC0171.jpg,4,20081230,20090129
도봉산 선인봉2,48.9x39cm,33x55cm,7,드로잉,박고석,대한민국,미술관 수장고,/manage/upload_files/collection/2018/12/28/bc830a70-cc3b-4df6-ac4b-3d8f30071c7d.jpg,146_박고석_도봉산 선인봉2_soma_1810_acv__DSC0177.jpg,9,20081230,20090129
이상한 나라의 동물들_보이지 않았던 동물들_2,가변크기,가변크기,8,오브제,백기은,대한민국,미술관 수장고,/manage/upload_files/collection/2018/12/26/4e2f2c4c-1007-4c62-9175-6a2147541936.jpg,109_백기은_이상한 나라의 동물들_보이지 않았던 동물들_2-2_soma_1810_acv__DSC0627.jpg,12,20070301,20070402
선긋기_2,37x29.5cm,35.7x18cm,7,드로잉,박한진,대한민국,미술관 수장고,/manage/upload_files/collection/2018/12/26/14fcdf0c-2d3d-4285-847f-979e0a258ef5.jpg,116_박한진_선긋기_2_soma_1810_acv__DSC0412.jpg,8,20071201,20071218
계몽적인 그림_2,52.8x57.9cm,39.5x38cm,7,드로잉,김지원,대한민국,미술관 수장고,/manage/upload_files/collection/2018/12/26/496c62db-d9fe-44d0-98fc-3b717e946a7b.jpg,075_김지원_계몽적인 그림_2_soma_1810_acv__DSC0087.jpg,11,20051201,20051230
움직이는 이야기2,-,15x120x15cm,8,오브제,류승환,대한민국,미술관 수장고,/manage/upload_files/collection/2018/12/26/0967ef14-dc81-4dbc-ab6b-eb2dce23f5dc.jpg,199_류승환_움직이는 이야기2_soma_1810_acv__DSC0558.jpg,36,20151228,20151228
몽촌토성_2,102x75.8cm,99x72.7cm,5,사진,이갑철,대한민국,미술관 수장고,/manage/upload_files/collection/2018/12/26/1fb4ae8e-db3f-4e17-92b7-6ce0011805cc.jpg,057_이갑철_몽촌토성_2_soma_1810_acv__DSC0318.jpg,4,20051201,20051230
몽촌토성_2,110x95cm,110x95cm,5,사진,김광수,대한민국,미술관 수장고,/manage/upload_files/collection/2018/12/26/2a99bbcb-85e3-4040-beb7-796bf1d7e5e4.jpg,034_김광수_몽촌토성_2_soma_1810_acv__DSC0137 1 1.jpg,7,20051201,20051230
역사속으로_2,92x68cm,82x57cm,5,사진,서남규,대한민국,투표권사업팀,/manage/upload_files/collection/2018/12/26/d0447d11-9628-43b6-b69c-313f7ef845a1.jpg,046_서남규_역사속으로_2_soma_1810_acv__DSC0138.jpg,5,20051201,20051230
올림픽공원_2,145x112cm,145x112cm,5,사진,임선영,대한민국,미술관 수장고,/manage/upload_files/collection/2018/12/26/81bd92c1-17b4-4048-8b74-14351cc4842d.jpg,061_임선영_올림픽공원_2_soma_1810_acv__DSC0079.jpg,19,20051201,20051230
지평선2014-1-문,-,165x350x30cm,8,오브제,채우승,대한민국,미술관 수장고,/manage/upload_files/collection/2018/12/26/2c976e4f-babd-4ba3-a0dc-219f131e0939.jpg,200_채우승_지평선2014-1-문_soma_1810_acv__DSC0096.jpg,45,20151228,20151228
24개속의 하나,73.5x58.8cm,68x53cm,4,판화,백남준,대한민국,미술관 수장고,/manage/upload_files/collection/2018/12/26/52a48bca-1c67-48d8-b229-cbec1ba13c4d.jpg,018_백남준_24개속의 하나_soma_1810_acv__DSC0069.jpg,11,20000201,20000303
우린 그렇게 노래한다네_3,59.5x82.5cm,56x78cm,7,드로잉,송민규,대한민국,미술관 수장고,/manage/upload_files/collection/2018/12/26/13792875-647a-4bc8-8936-4c48fe04b443.jpg,127_송민규_우린 그렇게 노래한다네_3_soma_1810_acv__DSC0332.jpg,9,20071201,20071218
서울 모더니즘_3,72.4x29.5cm,70x27cm,7,드로잉,박용석,대한민국,미술관 수장고,/manage/upload_files/collection/2018/12/26/1e1139d0-86b3-4a6f-a893-31dbac3a5e9c.jpg,093_박용석_서울 모더니즘_3_soma_1810_acv__DSC0319.jpg,7,20061201,20061228
무제_3,112.6x87.9cm,108x83cm,5,사진,성남훈,대한민국,미술관 수장고,/manage/upload_files/collection/2018/12/26/e1bf4121-b39c-4d73-b40a-327a74875a1f.jpg,054_성남훈_무제_3_soma_1810_acv__DSC0102.jpg,5,20051201,20051230
무제_3,69x54cm,61x45cm,7,드로잉,옥경(기증),대한민국,미술관 수장고,/manage/upload_files/collection/2018/12/26/6f094549-bcbc-4fe0-aa0f-be5b5b785306.jpg,172_옥경_옥경-무제_3_soma_1810_acv__DSC0385.jpg,13,20060529,20100204
무제_3,85x39cm,29x21cm,7,드로잉,이영빈,대한민국,미술관 수장고,/manage/upload_files/collection/2018/12/26/c04518d5-eb2d-4f60-ba12-f31ab409e380.jpg,131_이영빈_무제_3_soma_1810_acv__DSC0061.jpg,11,20071201,20071218
드로잉3,41.3x48cm,24.5x18.4cm,7,드로잉,하인두,대한민국,미술관 수장고,/manage/upload_files/collection/2018/12/26/17521597-e1d2-4146-8c9e-601931a7a2ba.jpg,152_하인두_드로잉3_앞_soma_1810_acv__DSC0116.jpg,11,20081230,20090130
공원을 위한 포즈_3,183x63cm,178x58cm,5,사진,박진영,대한민국,미술관 수장고,/manage/upload_files/collection/2018/12/26/d973852e-75c6-4336-9863-ed6b2297780f.jpg,043_박진영_공원을 위한 포즈-3_soma_1810_acv__DSC0076 1.jpg,1,20051201,20051230
이상한 나라의 동물들_보이지 않았던 동물들_3,39.2x32.6cm,20.5x14cm,7,드로잉,백기은,대한민국,미술관 수장고,/manage/upload_files/collection/2018/12/26/9c25f0fd-febb-4451-8fe2-db1341486448.jpg,110_백기은_이상한 나라의 동물들_보이지 않았던 동물들_3_soma_1810_acv__DSC0199.jpg,17,20070301,20070402
선긋기_3,37x29.5cm,35.7x18cm,7,드로잉,박한진,대한민국,미술관 수장고,/manage/upload_files/collection/2018/12/26/f89f0040-cdc9-4a70-a444-3380445a3ea8.jpg,117_박한진_선긋기_3_soma_1810_acv__DSC0429.jpg,5,20071201,20071218
몽촌토성_3,102x75.8cm,99x72.7cm,5,사진,이갑철,대한민국,기념사업팀,/manage/upload_files/collection/2018/12/26/9f497886-826d-497f-89a0-ff3ddb777c15.jpg,058_이갑철_몽촌토성_3_soma_1810_acv__DSC0139.jpg,5,20051201,20051230
몽촌토성_3,102x82cm,99x79cm,5,사진,김광수,대한민국,미술관 수장고,/manage/upload_files/collection/2018/12/26/0d972631-3a4c-4084-a5e7-4a5efc938f16.jpg,035_김광수_몽촌토성_3_soma_1810_acv__DSC0133 1.jpg,11,20051201,20051230
우린 그렇게 노래한다네_4,59.5x82.5cm,56x78cm,7,드로잉,송민규,대한민국,미술관 수장고,/manage/upload_files/collection/2018/12/26/c1b396cf-1a09-4ec2-8303-72baaed9992f.jpg,128_송민규_우린 그렇게 노래한다네_4_soma_1810_acv__DSC0336.jpg,13,20071201,20071218
서울 모더니즘_4,72.4x29.5cm,70x27cm,7,드로잉,박용석,대한민국,미술관 수장고,/manage/upload_files/collection/2018/12/26/9e1bedc3-1797-43a4-9e60-0abb4c3ccff7.jpg,094_박용석_서울 모더니즘_4_soma_1810_acv__DSC0321.jpg,26,20061201,20061228
무제_4,85x39cm,29x21cm,7,드로잉,이영빈,대한민국,미술관 수장고,/manage/upload_files/collection/2018/12/26/6f7becf4-fd3f-45ee-a751-482a25fe31f3.jpg,132_이영빈_무제_4_soma_1810_acv__DSC0064.jpg,15,20071201,20071218
무제_4,112.6x87.9cm,108x83cm,5,사진,성남훈,대한민국,미술관 수장고,/manage/upload_files/collection/2018/12/26/4c0b096f-118c-44bb-9638-32bea3f805b0.jpg,055_성남훈_무제_4_soma_1810_acv__DSC0104.jpg,7,20051201,20051230
무제_4,69x54cm,61x45cm,7,드로잉,옥경(기증),대한민국,미술관 수장고,/manage/upload_files/collection/2018/12/26/38079366-58e1-4fd8-b385-30022438a955.jpg,173_옥경_옥경-무제_4_soma_1810_acv__DSC0389.jpg,23,20060529,20100204
드로잉4,41.3x48cm,24.5x18.4cm,7,드로잉,하인두,대한민국,미술관 수장고,/manage/upload_files/collection/2018/12/26/b75f9052-432d-4271-95fa-a029a55e787e.jpg,153_하인두_드로잉4_앞_soma_1810_acv__DSC0122.jpg,20,20081230,20090130
공원을 위한 포즈_4,183x63cm,178x58cm,5,사진,박진영,대한민국,미술관 수장고,/manage/upload_files/collection/2018/12/26/757c3da9-3630-475f-af70-09b2ec905dc3.jpg,044_박진영_공원을 위한 포즈-4_soma_1810_acv__DSC0451.jpg,7,20051201,20051230
이상한 나라의 동물들_보이지 않았던 동물들_4,39.2x32.6cm,20.5x14cm,7,드로잉,백기은,대한민국,미술관 수장고,/manage/upload_files/collection/2018/12/26/e94e83db-52b8-444a-a46c-56342fb8f956.jpg,111_백기은_이상한 나라의 동물들_보이지 않았던 동물들_4_soma_1810_acv__DSC0202.jpg,16,20070301,20070402
몽촌토성_4,102x82cm,99x79cm,5,사진,김광수,대한민국,기념사업팀,/manage/upload_files/collection/2018/12/26/58fb5b5f-6d81-4cc3-8722-8178874a15d6.jpg,036_김광수_몽촌토성_4_soma_1810_acv__DSC0140 1 2.jpg,8,20051201,20051230
몽촌토성_4,102x75.8cm,99x72.7cm,5,사진,이갑철,대한민국,미술관 수장고,/manage/upload_files/collection/2018/12/26/18b06be7-7fea-485c-8b9c-b1714fd4f21f.jpg,059_이갑철_몽촌토성_4_soma_1810_acv__DSC0316.jpg,4,20051201,20051230
서울 모더니즘_5,72.4x29.5cm,70x27cm,7,드로잉,박용석,대한민국,미술관 수장고,/manage/upload_files/collection/2018/12/26/bb95728c-528d-4325-b893-0666c667a8a7.jpg,095_박용석_서울 모더니즘_5_soma_1810_acv__DSC0322.jpg,10,20061201,20061228
무제_5,85x39cm,29x21cm,7,드로잉,이영빈,대한민국,미술관 수장고,/manage/upload_files/collection/2018/12/26/047d31c6-4044-4e8c-be3b-5aa1598fa72b.jpg,133_이영빈_무제_5_soma_1810_acv__DSC0062.jpg,12,20071201,20071218
무제_5,65.5x82cm,45x60cm,7,드로잉,옥경(기증),대한민국,사업기획팀,/manage/upload_files/collection/2018/12/26/f07e45e1-e711-4c1f-a1e7-37991ce3c641.jpg,174_옥경_옥경-무제_5_soma_1810_acv__DSC0132.jpg,16,20060529,20100204
서울 모더니즘_6,72.4x29.5cm,70x27cm,7,드로잉,박용석,대한민국,미술관 수장고,/manage/upload_files/collection/2018/12/26/ee9d44f8-9b70-4608-badc-9f1bc04770b1.jpg,096_박용석_서울 모더니즘_6_soma_1810_acv__DSC0323.jpg,14,20061201,20061228
무제_6,85x39cm,29x21cm,7,드로잉,이영빈,대한민국,미술관 수장고,/manage/upload_files/collection/2018/12/26/f887bb1b-e948-4f70-8ce7-33c351e562fb.jpg,134_이영빈_무제_6_soma_1810_acv__DSC0063.jpg,11,20071201,20071218
무제_6,65.5x82cm,45x60cm,7,드로잉,옥경(기증),대한민국,사업기획팀,/manage/upload_files/collection/2018/12/26/cbdd61a7-7005-47d1-a08d-8dbe746fc2da.jpg,175_옥경_옥경-무제_6_soma_1810_acv__DSC0130.jpg,25,20060529,20100204
무제_7,85x39cm,29x21cm,7,드로잉,이영빈,대한민국,미술관 수장고,/manage/upload_files/collection/2018/12/26/471bc959-7b03-4b64-b994-6a7745cc5655.jpg,135_이영빈_무제_7_soma_1810_acv__DSC0066.jpg,13,20071201,20071218
무제_7,115x233cm,112x230cm,7,드로잉,옥경(기증),대한민국,미술관 수장고,/manage/upload_files/collection/2018/12/26/a16cf80f-0b70-41a9-8797-1c82a20ffb5a.jpg,176_옥경_옥경-무제_7_soma_1810_acv__DSC0366.jpg,16,20060529,20100204
무제 81-12,56x75.5cm,56x75.5cm,7,드로잉,엄태정,대한민국,미술관 수장고,/manage/upload_files/collection/2018/12/26/db36aefa-dac2-420c-8956-fb12c5b1aee6.jpg,186_엄태정_무제 81-12_soma_1810_acv__DSC0346.jpg,20,20111130,20111130
무제 81-5,56x75.5cm,56x75.5cm,7,드로잉,엄태정,대한민국,미술관 수장고,/manage/upload_files/collection/2018/12/26/ce46f8a1-8ef1-4dc0-b1e5-9a6915cb308e.jpg,185_엄태정_무제 81-5_soma_1810_acv__DSC0002.jpg,19,20111130,20111130
한국화군어도(88마리도),737x144cm,737x144cm,1,한국화,이동원(몽천),대한민국,미술관 수장고,/manage/upload_files/collection/2018/12/26/26bde351-6abd-4c71-9a06-a236dc8115ce.jpg,011_이동원(몽천)_한국화군어도(88마리도)_soma_1810_acv__DSC0671.jpg,8,19880601,19890420
모델 B,43.8x56.5cm,25x38cm,7,드로잉,최경한,대한민국,미술관 수장고,/manage/upload_files/collection/2018/12/26/eda7127d-c9a9-41e3-bfb7-9b3f9041b256.jpg,070_최경한_모델 B_soma_1810_acv__DSC0055.jpg,3,20051201,20051230
Correspondance,56x77cm,56x77cm,4,판화,이우환,대한민국,본부장실(비즈홀),/manage/upload_files/collection/2018/12/26/36366759-401e-42a1-91ca-7f2c967fbd14.jpg,032_이우환_Correspondance_soma_1810_acv__DSC0126.jpg,36,20051012,20051102
깊이에의 강요_d-못04,-,40x50cm,8,오브제,홍승희,대한민국,미술관 수장고,/manage/upload_files/collection/2018/12/26/fc2c1be3-aa52-4585-8fb1-9fbaffbcb862.jpg,206_홍승희_깊이에의 강요_d- 못04_soma_1810_acv__DSC0266.jpg,48,20151228,20151228
D-89-(4),27X18cm,27X18cm,7,드로잉,최만린,대한민국,미술관 수장고,/manage/upload_files/collection/2018/12/26/cdc79fd9-e5a7-44a9-b98b-4e71fe1f6204.jpg,188_최만린_D-89-(4)_soma_1810_acv__DSC0405.jpg,26,20111130,20111130
친구 H,56.7x44cm,37.5x25cm,7,드로잉,최경한,대한민국,미술관 수장고,/manage/upload_files/collection/2018/12/26/7459fc13-e5cc-4a46-a808-4507cdb9235a.jpg,071_최경한_친구 H_soma_1810_acv__DSC0059.jpg,8,20051201,20051230
Hanger Ⅱ,29x15cm,29x15cm,8,오브제,나이젤 홀,영국,미술관 수장고,/manage/upload_files/collection/2018/12/26/e49b7f64-a8a4-45ca-b187-3e856ed79d3d.jpg,159_나이젤 홀_Hanger II_완성품_soma_1810_acv__DSC0592.jpg,17,20081230,20090130
Han River,27.5x35.9x19.4cm,27.5x35.9x19.4cm,6,조각,나이젤 홀,영국,미술관 수장고,/manage/upload_files/collection/2018/12/26/0d8cd0ec-938c-47b0-860f-b517ccfb8da9.jpg,158_나이젤 홀_Han River_soma_1810_acv__DSC0524.jpg,27,20081230,20090130
Historic Monument_1,97x295cm,97x295cm,5,사진,신기선,대한민국,미술관 수장고,/manage/upload_files/collection/2018/12/26/1f596789-34a0-47f6-a640-cafcd95a4c47.jpg,062_신기선_Historic Monument_1_soma_1810_acv__DSC0467.jpg,11,20051201,20051230
Historic Monument_2,97x295cm,97x295cm,5,사진,신기선,대한민국,미술관 수장고,/manage/upload_files/collection/2018/12/26/0da503f6-f827-48ac-9d4d-aaf6d1e88281.jpg,063_신기선_Historic Monument_2_soma_1810_acv__DSC0328.jpg,3,20051201,20051230
Historic Monument_3,97x295cm,97x295cm,5,사진,신기선,대한민국,미술관 수장고,/manage/upload_files/collection/2018/12/26/5418afc4-46a2-404b-a835-b378563ec88d.jpg,064_신기선_Historic Monument_3_soma_1810_acv__DSC0472.jpg,3,20051201,20051230
In Between,Edition(10P)-CD,Edition(10P)-CD,11,뉴미디어,안수연,대한민국,미술관 수장고,/manage/upload_files/collection/2018/12/26/e5b2bdab-12fd-454f-b2a1-185d0e93129b.jpg,090_안수연_In Between_01.jpg,17,20061201,20061228
Indeterminate Line,264x238cm,264x238cm,6,조각,베르나르 브네,프랑스,미술관 1관,/manage/upload_files/collection/2018/12/26/1965b6f8-5d3d-49ff-a2b3-28ece4d2a32e.jpg,136_베르나르 브네_Indeterminate Line_soma_1810_acv__DSC0059.jpg,14,20071201,20071231
Jesse Owens를 위하여,73.5x58.8cm,68x53cm,4,판화,백남준,대한민국,미술관 1관,/manage/upload_files/collection/2018/12/26/b24636e5-9ece-4659-bf57-71b193c24865.jpg,023_백남준_Jesse Owens를 위하여_soma_1810_acv__DSC0014.jpg,8,20000201,20000303
NJP-at 1800 RPMs,-,각30X30X12.5cm,8,오브제,백남준,대한민국,미술관 1관,/manage/upload_files/collection/2018/12/26/37be0abe-112c-4706-a7dd-ff78820a0805.jpg,191_백남준_NJP-at 1800 RPMs_soma_1810_acv__DSC0027.jpg,53,20121226,20121226
Nobert Wiener의 타임시리즈 방정식,73.5x58.8cm,68x53cm,4,판화,백남준,대한민국,미술관 1관,/manage/upload_files/collection/2018/12/26/112ba0a5-b363-4d09-a8d1-591b409d2738.jpg,016_백남준_Norbert Wiener의 타임시리즈의 방정식_soma_1810_acv__DSC0011.jpg,10,20000201,20000303
O 91-1-1-0,,36x25x24cm,6,조각,최만린,대한민국,미술관 2관,/manage/upload_files/collection/2021/07/27/f1313566-08d5-4a65-a1ab-ee7b630cb50f.jpg,"최만린, O 91-1-1-O, 36x25x24cm, 브론즈,1991.jpg",0,20111130,20111130
O 91-1-1-0,-,36X25X24cm,6,조각,최만린,대한민국,미술관 수장고,/manage/upload_files/collection/2018/12/26/8ec3c7f3-43a0-46b9-97aa-58076bd785af.jpg,189_최만린_O 91-1-1-0_soma_1810_acv__DSC0576.jpg,44,20111130,20111130
Rising Moon_1,37.5x48cm,38.5x28.5cm,7,드로잉,박미현,대한민국,미술관 수장고,/manage/upload_files/collection/2018/12/26/11b2821e-eaa3-4bd9-9845-d437b96a9a5f.jpg,097_박미현_Rising Moon_1_soma_1810_acv__DSC0084.jpg,8,20061201,20061228
Rising Moon_2,37.5x48cm,38.5x28.5cm,7,드로잉,박미현,대한민국,미술관 수장고,/manage/upload_files/collection/2018/12/26/b5689b17-6c1f-4422-9eb3-3ff8367192ea.jpg,098_박미현_Rising Moon_2_soma_1810_acv__DSC0082.jpg,7,20061201,20061228
Rising Moon_3,37.5x48cm,37.5x48cm,7,드로잉,박미현,대한민국,미술관 수장고,/manage/upload_files/collection/2018/12/26/081e7e0c-cb28-4256-8364-7dc977d1144f.jpg,099_박미현_Rising Moon_3_soma_1810_acv__DSC0080.jpg,4,20061201,20061228
Rising Moon_4,37.5x48cm,37.5x48cm,7,드로잉,박미현,대한민국,미술관 수장고,/manage/upload_files/collection/2018/12/26/3ec3c2eb-b25d-4f5d-9521-b61571164ceb.jpg,100_박미현_Rising Moon_4_soma_1810_acv__DSC0076.jpg,5,20061201,20061228
Rising Moon_5,37.5x48cm,37.5x48cm,7,드로잉,박미현,대한민국,미술관 수장고,/manage/upload_files/collection/2018/12/26/f95836d9-173f-46b8-adcd-0c1d03b42b58.jpg,101_박미현_Rising Moon_5_soma_1810_acv__DSC0074.jpg,6,20061201,20061228
Study for scan project,217x149.5cm,193x128cm,7,드로잉,데니스 오펜하임,미국,미술관 수장고,/manage/upload_files/collection/2018/12/26/76a3943c-88c4-40b4-b3fb-d1e4a01b8ec1.jpg,160_데니스 오펜하임_Study for Scan Project_soma_1810_acv__DSC0278.jpg,35,20081230,20090130
The Hinge of the Way,,116*91cm,7,드로잉,정헌조,한국,수장고,/manage/upload_files/collection/2021/01/13/49ba214a-01fc-44a2-afbe-3c041a400fa8.jpg,The Hinge of the Way (정헌조)1.jpg,31,20201216,20201228
The Starlight in Olympic Park_1,75x75cm,75x75cm,5,사진,이원철,대한민국,임원실,/manage/upload_files/collection/2018/12/26/bb5b51d7-ea24-4981-b404-bbabdcbd10fa.jpg,049_이원철_The Starlight in Olympic Park_1_soma_1810_acv__DSC0459.jpg,8,20051201,20051230
The Starlight in Olympic Park_2,75x75cm,75x75cm,5,사진,이원철,대한민국,임원실,/manage/upload_files/collection/2018/12/26/1e6ca90c-fd35-4a7a-8c24-0b3dc77672e5.jpg,050_이원철_The Starlight in Olympic Park_2_soma_1810_acv__DSC0463.jpg,8,20051201,20051230
The Starlight in Olympic Park_3,75x75cm,75x75cm,5,사진,이원철,대한민국,임원실,/manage/upload_files/collection/2018/12/26/f2fbde89-b21a-45e2-89cf-b92d03e9f83d.jpg,051_이원철_The Starlight in Olympic Park_3_soma_1810_acv__DSC0461.jpg,6,20051201,20051230
Ugly Character 0725-1,95.5x126.1cm,78.8x109cm,7,드로잉,윤여범,대한민국,미술관 수장고,/manage/upload_files/collection/2018/12/26/756ed9f9-78b2-4a45-bd6b-fe3ded794916.jpg,140_윤여범_Ugly Character 0725-1_soma_1810_acv__DSC0191.jpg,26,20080401,20080423
Ugly Character 0725-2,95.5x126.1cm,78.8x109cm,7,드로잉,윤여범,대한민국,미술관 수장고,/manage/upload_files/collection/2018/12/26/067b5682-671f-410e-92a8-9984d3e528b3.jpg,141_윤여범_Ugly Character 0725-2_soma_1810_acv__DSC0193.jpg,9,20080401,20080423
울티마 머드퍽스(Ultima Mudfox),65&times;150&times;55cm,65&times;150&times;55cm,6,조각,최우람,대한민국,미술관 수장고,/manage/upload_files/collection/2018/12/26/6ab306a8-3dfb-42c3-a878-3751eb028ccf.jpg,031_최우람_울티마 머드퍽스_soma_1810_acv__DSC0086.jpg,16,20041229,20041231
生놀이(부엉이),134.5x111.5cm,129x96cm,2,서양화,유휴열,대한민국,미술관 수장고,/manage/upload_files/collection/2018/12/26/f172afe4-3cdd-4e5d-b351-057d3b26c8f5.jpg,014_유휴열_생놀이(부엉이)_soma_1810_acv__DSC0342.jpg,8,19881001,19981030
